,co2grow,canopy,stomlength,spi,stomden
1,amb,lower,32.07583333,5.793674768,187.6736111
2,amb,upper,32.905,6.081855035,187.818287
3,elev,lower,30.0875,5.923259401,205.715137
4,elev,upper,32.90055556,6.46101958,197.1161265
5,amb,lower,33.9125,5.075597801,151.4756945
6,amb,upper,34.45388889,5.479863136,161.6030092
7,elev,lower,31.92916667,4.797592533,153.7125338
8,elev,upper,34.30694444,5.662155671,165.8564815
